/*
begin
 for deleta in (select table_name, 'DROP TABLE '||table_name||' cascade constraints' AS dropar from user_tables) loop
 BEGIN
  EXECUTE IMMEDIATE deleta.dropar;
  dbms_output.put_line('DROP TABLE '||deleta.table_name||' cascade constraints;');
  EXCEPTION WHEN OTHERS THEN
  dbms_output.put_line('Erro ao tentar dropar a tabela:'||deleta.table_name);
 END;
 end loop;
end;

begin
 for deleta in (select sequence_name, 'DROP SEQUENCE '||sequence_name||' ' AS dropar from user_sequences) loop
 BEGIN
  EXECUTE IMMEDIATE deleta.dropar;
  dbms_output.put_line('DROP SEQUENCE '||deleta.sequence_name||' ;');
  EXCEPTION WHEN OTHERS THEN
  dbms_output.put_line('Erro ao tentar dropar a tabela:'||deleta.sequence_name);
 END;
 end loop;
end;
*/

CREATE TABLE USUARIO(
    CPF char(14) PRIMARY KEY NOT NULL,
    NOME varchar2(100) NOT NULL,
    LOGIN varchar2(15) UNIQUE NOT NULL,
    SENHA varchar2(20) NOT NULL
);

CREATE TABLE STATUS(
    ID_STATUS INT NOT NULL,
    DESCRICAO VARCHAR2(20) UNIQUE NOT NULL,
    CONSTRAINT PK_ID_STATUS PRIMARY KEY ( ID_STATUS )
);

CREATE TABLE ITEM(
    ID_ITEM INT NOT NULL,
    DESCRICAO VARCHAR2(20) UNIQUE NOT NULL,
    CONSTRAINT PK_ID_ITEM PRIMARY KEY ( ID_ITEM )  
);

CREATE TABLE INVENTARIO(
    ID_INVENTARIO INT NOT NULL,
    CONSTRAINT PK_ID_INVENTARIO PRIMARY KEY ( ID_INVENTARIO )
);

CREATE TABLE ITEM_X_INVENTARIO(
    ID_ITEM INT NOT NULL,
    ID_INVENTARIO INT NOT NULL,
    QUANTIDADE INT DEFAULT 0 NOT NULL,
    CONSTRAINT PK_ID_ITEM_X_INVENTARIO PRIMARY KEY ( ID_ITEM, ID_INVENTARIO ),
    CONSTRAINT FK_ID_ITEM FOREIGN KEY ( ID_ITEM ) REFERENCES ITEM( ID_ITEM ),
    CONSTRAINT FK_ID_INVENTARIO FOREIGN KEY ( ID_INVENTARIO ) REFERENCES INVENTARIO( ID_INVENTARIO )
);

CREATE TABLE TIPO_PERSONAGEM(
    ID_TIPO_PERSONAGEM INT PRIMARY KEY NOT NULL,
    DESCRICAO VARCHAR2(20) UNIQUE NOT NULL
);

CREATE TABLE PERSONAGEM(
    ID_PERSONAGEM INT PRIMARY KEY NOT NULL,
    NOME VARCHAR2(20) UNIQUE NOT NULL,
    EXPERIENCIA INT DEFAULT 0 NOT NULL,
    VIDA DECIMAL(4,2) NOT NULL,
    QTD_DANO DECIMAL(4,2) DEFAULT 0 NOT NULL,
    QTD_EXPERIENCIA_POR_ATAQUE INT DEFAULT 1 NOT NULL,
    FK_STATUS INT NOT NULL,
    FK_INVENTARIO INT NOT NULL,
    FK_TIPO_PERSONAGEM INT NOT NULL,
    CONSTRAINT FK_STATUS_ID FOREIGN KEY ( FK_STATUS ) REFERENCES STATUS( ID_STATUS ),
    CONSTRAINT FK_INVENTARIO_ID FOREIGN KEY ( FK_INVENTARIO ) REFERENCES INVENTARIO( ID_INVENTARIO ),
    CONSTRAINT FK_TIPO_PERSONAGEM_ID FOREIGN KEY ( FK_TIPO_PERSONAGEM ) REFERENCES TIPO_PERSONAGEM( ID_TIPO_PERSONAGEM )
);

-- DROP TABLE PERSONAGEM;


CREATE TABLE BANCO(
    CODIGO CHAR(4) PRIMARY KEY NOT NULL,
    NOME VARCHAR2(50) UNIQUE NOT NULL
);

CREATE TABLE PAIS(
    ID_PAIS INT PRIMARY KEY NOT NULL,
    NOME VARCHAR2(50) UNIQUE NOT NULL
);

CREATE TABLE ESTADO(
    ID_ESTADO INT PRIMARY KEY NOT NULL,
    ID_PAIS INT NOT NULL,
    NOME VARCHAR2(50) UNIQUE NOT NULL,
    CONSTRAINT FK_ID_PAIS FOREIGN KEY ( ID_PAIS ) REFERENCES PAIS( ID_PAIS )
);

CREATE TABLE CIDADE(
    ID_CIDADE INT NOT NULL,
    ID_ESTADO INT NOT NULL,
    NOME VARCHAR2(50) NOT NULL,
    CONSTRAINT PK_ID_CIDADE_ESTADO PRIMARY KEY ( ID_CIDADE, ID_ESTADO ),
    CONSTRAINT FK_ID_ESTADO FOREIGN KEY ( ID_ESTADO ) REFERENCES ESTADO( ID_ESTADO )
);

CREATE TABLE BAIRRO(
    ID_BAIRRO INT NOT NULL,
    ID_CIDADE INT NOT NULL,
    ID_ESTADO INT NOT NULL,
    NOME VARCHAR2(50) NOT NULL,
    CONSTRAINT PK_ID_BAIRRO_CIDADE PRIMARY KEY ( ID_BAIRRO, ID_CIDADE ),
    CONSTRAINT FK_ID_CIDADE_ESTADO FOREIGN KEY ( ID_CIDADE, ID_ESTADO ) REFERENCES CIDADE( ID_CIDADE, ID_ESTADO )
);

CREATE TABLE ENDERECO(
    ID_ENDERECO INT PRIMARY KEY NOT NULL,
    ID_BAIRRO INT NOT NULL,
    ID_CIDADE INT NOT NULL,
    LOGRADOURO VARCHAR2(255) NOT NULL,
    NUMERO INT NOT NULL,
    COMPLEMENTO VARCHAR2(100) NULL,
    CEP CHAR(9) NULL,
    CONSTRAINT FK_ID_BAIRRO_CIDADE FOREIGN KEY ( ID_BAIRRO, ID_CIDADE ) REFERENCES BAIRRO( ID_BAIRRO, ID_CIDADE )
);

CREATE TABLE AGENCIA(
    CODIGO CHAR(6) NOT NULL,
    ID_BANCO CHAR(4) NOT NULL,
    ID_ENDERECO INT NOT NULL,
    NOME VARCHAR2(100) NOT NULL,
    CONSTRAINT PK_CODIGO_ID_BANCO PRIMARY KEY ( CODIGO, ID_BANCO ),
    CONSTRAINT FK_ID_BANCO FOREIGN KEY ( ID_BANCO ) REFERENCES BANCO( CODIGO ),
    CONSTRAINT FK_ID_ENDERECO FOREIGN KEY ( ID_ENDERECO ) REFERENCES ENDERECO( ID_ENDERECO )
);

CREATE TABLE CONSOLIDACAO(
    ID_CONSOLIDACAO INT PRIMARY KEY NOT NULL,
    FK_CODIGO CHAR(6) NOT NULL,
    ID_BANCO CHAR(4) NOT NULL,
    SALDO_ATUAL DECIMAL(18,2) NOT NULL,
    SAQUES DECIMAL(18,2) NOT NULL,
    DEPOSITOS DECIMAL(18,2) NOT NULL,
    NUMERO_CORRENTISTA INT NOT NULL,
    CONSTRAINT FK_CODIGO_ID_BANCO FOREIGN KEY ( FK_CODIGO, ID_BANCO ) REFERENCES AGENCIA( CODIGO, ID_BANCO )
);


CREATE TABLE TIPO_CONTA(
    ID_TIPO_CONTA INT PRIMARY KEY NOT NULL,
    NOME VARCHAR2(20) NOT NULL
);

CREATE TABLE CONTA(
    CODIGO INT NOT NULL,
    CODIGO_AGENCIA CHAR(6) NOT NULL,
    ID_BANCO CHAR(4) NOT NULL,
    TIPO_CONTA INT NOT NULL,
    SALDO DECIMAL(18,2) DEFAULT 0.0 NOT NULL,
    CONSTRAINT PK_CODIGO PRIMARY KEY ( CODIGO ),
    CONSTRAINT FK_TIPO_CONTA FOREIGN KEY ( TIPO_CONTA ) REFERENCES TIPO_CONTA( ID_TIPO_CONTA ),
    CONSTRAINT FK_CODIGO_AGENCIA FOREIGN KEY ( CODIGO_AGENCIA, ID_BANCO ) REFERENCES AGENCIA( CODIGO, ID_BANCO )
);

CREATE TABLE MOVIMENTACOES(
    ID_MOVIMENTACOES INT PRIMARY KEY NOT NULL,
    CODIGO INT NOT NULL,
    TIPO VARCHAR2(10) CHECK( TIPO IN ('DÉBITO', 'CRÉDITO') ),
    VALOR DECIMAL(18,2) NOT NULL,
    CONSTRAINT FK_CODIGO_CONTA FOREIGN KEY ( CODIGO ) REFERENCES CONTA( CODIGO )
);

CREATE TABLE CLIENTE(
    CPF CHAR(14) PRIMARY KEY NOT NULL,
    NOME VARCHAR2(100) NOT NULL,
    DATA_NASCIMENTO CHAR(10) NOT NULL,
    ESTADO_CIVIL VARCHAR2(20) CHECK( ESTADO_CIVIL IN ('SOLTEIRX', 'CASADX', 'DIVORCIADX', 'UNIÃO ESTÁVEL', 'VIUVX') )
);

CREATE TABLE CLIENTE_X_ENDERECO(
    ID_CLIENTE CHAR(14) NOT NULL,
    ID_ENDERECO INT NOT NULL,
    CONSTRAINT PK_ID_CLIENTE_ENDERECO PRIMARY KEY ( ID_CLIENTE, ID_ENDERECO ),
    CONSTRAINT FK_ID_ENDERECO_2 FOREIGN KEY ( ID_ENDERECO ) REFERENCES ENDERECO( ID_ENDERECO ),
    CONSTRAINT FK_ID_CLIENTE FOREIGN KEY ( ID_CLIENTE ) REFERENCES CLIENTE( CPF )
);

CREATE TABLE CLIENTE_X_CONTA(
    ID_CLIENTE CHAR(14) NOT NULL,
    CODIGO INT NOT NULL,
    ID_BANCO CHAR(4) NOT NULL,
    TIPO_CONTA INT NOT NULL,
    CONSTRAINT PK_CLIENTE_BANCO_TIPO PRIMARY KEY ( ID_CLIENTE, ID_BANCO, TIPO_CONTA ),
    CONSTRAINT FK_ID_BANCO_2 FOREIGN KEY ( ID_BANCO ) REFERENCES BANCO( CODIGO ),
    CONSTRAINT FK_CODIGO_CONTA_2 FOREIGN KEY ( CODIGO ) REFERENCES CONTA( CODIGO ),
    CONSTRAINT FK_TIPO_CONTA_2 FOREIGN KEY ( TIPO_CONTA ) REFERENCES TIPO_CONTA( ID_TIPO_CONTA ),
    CONSTRAINT FK_ID_CLIENTE_2 FOREIGN KEY ( ID_CLIENTE ) REFERENCES CLIENTE( CPF )
);

CREATE TABLE GERENTE(
    CPF CHAR(14) PRIMARY KEY NOT NULL,
    FK_CODIGO CHAR(6) NOT NULL,
    ID_BANCO CHAR(4) NOT NULL,
    CODIGO_FUNCIONARIO INT NOT NULL,
    TIPO_GERENTE CHAR(2) CHECK( TIPO_GERENTE IN ('GC', 'GG') ), 
    CONSTRAINT FK_ID_CLIENTE_3 FOREIGN KEY ( CPF ) REFERENCES CLIENTE( CPF ),
    CONSTRAINT FK_CODIGO_ID_BANCO_2 FOREIGN KEY ( FK_CODIGO, ID_BANCO ) REFERENCES AGENCIA( CODIGO, ID_BANCO )
);

CREATE TABLE GERENTE_X_CONTA(
    CPF CHAR(14) NOT NULL,
    CODIGO INT NOT NULL,
    CONSTRAINT PK_CPF_CODIGO_CONTA PRIMARY KEY ( CPF, CODIGO ),
    CONSTRAINT FK_CODIGO_CONTA_3 FOREIGN KEY ( CODIGO ) REFERENCES CONTA( CODIGO ),
    CONSTRAINT FK_ID_CLIENTE_4 FOREIGN KEY ( CPF ) REFERENCES CLIENTE( CPF )
);

--BANCO ALFA 
INSERT INTO BANCO (CODIGO, NOME) VALUES ( '011', 'BANCO ALFA' );
INSERT INTO PAIS (ID_PAIS, NOME) VALUES ( 1, 'BRASIL');
INSERT INTO ESTADO (ID_ESTADO, ID_PAIS, NOME) VALUES ( 1, 1, 'NA' );
INSERT INTO CIDADE (ID_CIDADE, ID_ESTADO, NOME) VALUES ( 1, 1, 'NA' );
INSERT INTO BAIRRO (ID_BAIRRO, ID_CIDADE, ID_ESTADO, NOME) VALUES ( 1, 1, 1, 'NA' );
INSERT INTO ENDERECO (ID_ENDERECO, ID_BAIRRO, ID_CIDADE, LOGRADOURO, NUMERO, COMPLEMENTO) VALUES ( 1, 1, 1, 'RUA TESTANDO', 55, 'LOJA 1' );
INSERT INTO AGENCIA( CODIGO, ID_BANCO, ID_ENDERECO, NOME ) VALUES ( '0001', '011', 1, 'WEB' );

INSERT INTO PAIS (ID_PAIS, NOME) VALUES ( 2, 'EUA');
INSERT INTO ESTADO (ID_ESTADO, ID_PAIS, NOME) VALUES ( 2, 2, 'CALIFORNIA' );
INSERT INTO CIDADE (ID_CIDADE, ID_ESTADO, NOME) VALUES ( 2, 2, 'SAN FRANCISCO' );
INSERT INTO BAIRRO (ID_BAIRRO, ID_CIDADE, ID_ESTADO, NOME) VALUES ( 2, 2, 2, 'BETWEEN HYDE AND POWELL STREETS' );
INSERT INTO ENDERECO (ID_ENDERECO, ID_BAIRRO, ID_CIDADE, LOGRADOURO, NUMERO) VALUES ( 2, 2, 2, 'TESTING', 122);
INSERT INTO AGENCIA( CODIGO, ID_BANCO, ID_ENDERECO, NOME ) VALUES ( '0002', '011', 2, 'CALIFORNIA' );

INSERT INTO PAIS (ID_PAIS, NOME) VALUES ( 3, 'ENGLAND');
INSERT INTO ESTADO (ID_ESTADO, ID_PAIS, NOME) VALUES ( 3, 3, 'BOROUGHS' );
INSERT INTO CIDADE (ID_CIDADE, ID_ESTADO, NOME) VALUES ( 3, 3, 'LONDRES' );
INSERT INTO BAIRRO (ID_BAIRRO, ID_CIDADE, ID_ESTADO, NOME) VALUES ( 3, 3, 3, 'CROYDON' );
INSERT INTO ENDERECO (ID_ENDERECO, ID_BAIRRO, ID_CIDADE, LOGRADOURO, NUMERO) VALUES ( 3, 3, 3, 'TESING', 525);
INSERT INTO AGENCIA( CODIGO, ID_BANCO, ID_ENDERECO, NOME ) VALUES ( '0101', '011', 3, 'LONDRES' );

--BANCO BETA
INSERT INTO BANCO (CODIGO, NOME) VALUES ( '241', 'BANCO BETA' );
INSERT INTO PAIS (ID_PAIS, NOME) VALUES ( 1, 'BRASIL');
INSERT INTO ESTADO (ID_ESTADO, ID_PAIS, NOME) VALUES ( 1, 1, 'NA' );
INSERT INTO CIDADE (ID_CIDADE, ID_ESTADO, NOME) VALUES ( 1, 1, 'NA' );
INSERT INTO BAIRRO (ID_BAIRRO, ID_CIDADE, ID_ESTADO, NOME) VALUES ( 1, 1, 1, 'NA' );
INSERT INTO ENDERECO (ID_ENDERECO, ID_BAIRRO, ID_CIDADE, LOGRADOURO, NUMERO, COMPLEMENTO) VALUES ( 4, 1, 1, 'RUA TESTANDO', 55, 'LOJA 2' );
INSERT INTO AGENCIA( CODIGO, ID_BANCO, ID_ENDERECO, NOME ) VALUES ( '0001', '241', 4, 'WEB' );

--BANCO OMEGA
INSERT INTO BANCO (CODIGO, NOME) VALUES ( '307', 'BANCO OMEGA' );
INSERT INTO PAIS (ID_PAIS, NOME) VALUES ( 1, 'BRASIL');
INSERT INTO ESTADO (ID_ESTADO, ID_PAIS, NOME) VALUES ( 1, 1, 'NA' );
INSERT INTO CIDADE (ID_CIDADE, ID_ESTADO, NOME) VALUES ( 1, 1, 'NA' );
INSERT INTO BAIRRO (ID_BAIRRO, ID_CIDADE, ID_ESTADO, NOME) VALUES ( 1, 1, 1, 'NA' );
INSERT INTO ENDERECO (ID_ENDERECO, ID_BAIRRO, ID_CIDADE, LOGRADOURO, NUMERO, COMPLEMENTO) VALUES ( 5, 1, 1, 'RUA TESTANDO', 55, 'LOJA 3' );
INSERT INTO AGENCIA( CODIGO, ID_BANCO, ID_ENDERECO, NOME ) VALUES ( '0001', '307', 5, 'WEB' );

INSERT INTO PAIS (ID_PAIS, NOME) VALUES ( 1, 'BRASIL');
INSERT INTO ESTADO (ID_ESTADO, ID_PAIS, NOME) VALUES ( 4, 1, 'SAO PAULO' );
INSERT INTO CIDADE (ID_CIDADE, ID_ESTADO, NOME) VALUES ( 4, 4, 'ITU' );
INSERT INTO BAIRRO (ID_BAIRRO, ID_CIDADE, ID_ESTADO, NOME) VALUES ( 4, 4, 4, 'QUALQUER' );
INSERT INTO ENDERECO (ID_ENDERECO, ID_BAIRRO, ID_CIDADE, LOGRADOURO, NUMERO) VALUES ( 6, 4, 4, 'RUA DO MEIO', 2233 );
INSERT INTO AGENCIA( CODIGO, ID_BANCO, ID_ENDERECO, NOME ) VALUES ( '8761', '307', 6, 'ITU' );

INSERT INTO PAIS (ID_PAIS, NOME) VALUES ( 4, 'ARGENTINA');
INSERT INTO ESTADO (ID_ESTADO, ID_PAIS, NOME) VALUES ( 5, 4, 'BUENOS AIRES' );
INSERT INTO CIDADE (ID_CIDADE, ID_ESTADO, NOME) VALUES ( 5, 5, 'BUENOS AIRES' );
INSERT INTO BAIRRO (ID_BAIRRO, ID_CIDADE, ID_ESTADO, NOME) VALUES ( 5, 5, 5, 'CAMINITO' );
INSERT INTO ENDERECO (ID_ENDERECO, ID_BAIRRO, ID_CIDADE, LOGRADOURO, NUMERO) VALUES ( 7, 5, 5, 'RUA DO BOCA', 222);
INSERT INTO AGENCIA( CODIGO, ID_BANCO, ID_ENDERECO, NOME ) VALUES ( '4567', '307', 7, 'HERMANA' );

SELECT *
FROM BANCO;

SELECT *
FROM CLIENTE;

--ADICIONANDO CLIENTES
INSERT INTO CLIENTE(CPF, NOME, DATA_NASCIMENTO, ESTADO_CIVIL) VALUES ('999999999901', 'HARRY POTTER', '16/01/1997', 'CASADX');
INSERT INTO CLIENTE(CPF, NOME, DATA_NASCIMENTO, ESTADO_CIVIL) VALUES ('999999999902', 'HERMIONE GRANGER', '16/02/1997', 'CASADX');
INSERT INTO CLIENTE(CPF, NOME, DATA_NASCIMENTO, ESTADO_CIVIL) VALUES ('999999999903', 'RONY WEASLEY', '16/03/1997', 'CASADX');
INSERT INTO CLIENTE(CPF, NOME, DATA_NASCIMENTO, ESTADO_CIVIL) VALUES ('999999999904', 'ALBUS DUMBLEDORE', '16/04/1997', 'SOLTEIRX');
INSERT INTO CLIENTE(CPF, NOME, DATA_NASCIMENTO, ESTADO_CIVIL) VALUES ('999999999905', 'MINERVA MCGONAGALL', '16/05/1997', 'SOLTEIRX');
INSERT INTO CLIENTE(CPF, NOME, DATA_NASCIMENTO, ESTADO_CIVIL) VALUES ('999999999906', 'LORD VOLDEMORT', '16/06/1997', 'VIUVX');
INSERT INTO CLIENTE(CPF, NOME, DATA_NASCIMENTO, ESTADO_CIVIL) VALUES ('999999999907', 'DRACO MALFOY', '16/07/1997', 'CASADX');
INSERT INTO CLIENTE(CPF, NOME, DATA_NASCIMENTO, ESTADO_CIVIL) VALUES ('999999999908', 'RUBEO HAGRID', '16/08/1997', 'DIVORCIADX');
INSERT INTO CLIENTE(CPF, NOME, DATA_NASCIMENTO, ESTADO_CIVIL) VALUES ('999999999909', 'LUNA LOVEGOOD', '16/09/1997', 'SOLTEIRX');
INSERT INTO CLIENTE(CPF, NOME, DATA_NASCIMENTO, ESTADO_CIVIL) VALUES ('999999999910', 'DOBBY', '16/10/1997', 'UNIÃO ESTÁVEL');

--CRIANDO TIPO DE CONTA
INSERT INTO TIPO_CONTA(ID_TIPO_CONTA, NOME) VALUES (1, 'PESSOA JURIDICA');
INSERT INTO TIPO_CONTA(ID_TIPO_CONTA, NOME) VALUES (2, 'PESSOA FISICA');

SELECT *
FROM TIPO_CONTA;

--CRIANDO AS CONTAS
INSERT INTO CONTA (CODIGO, CODIGO_AGENCIA, ID_BANCO, TIPO_CONTA, SALDO) VALUES (1, '0001', '011', 1, 150.90);
INSERT INTO CONTA (CODIGO, CODIGO_AGENCIA, ID_BANCO, TIPO_CONTA) VALUES (2, '0001', '011', 1);
INSERT INTO CONTA (CODIGO, CODIGO_AGENCIA, ID_BANCO, TIPO_CONTA) VALUES (3, '0001', '011', 1);
INSERT INTO CONTA (CODIGO, CODIGO_AGENCIA, ID_BANCO, TIPO_CONTA) VALUES (4, '0001', '011', 1);
INSERT INTO CONTA (CODIGO, CODIGO_AGENCIA, ID_BANCO, TIPO_CONTA) VALUES (5, '0001', '011', 1);
INSERT INTO CONTA (CODIGO, CODIGO_AGENCIA, ID_BANCO, TIPO_CONTA) VALUES (6, '0001', '011', 1);
INSERT INTO CONTA (CODIGO, CODIGO_AGENCIA, ID_BANCO, TIPO_CONTA) VALUES (7, '0001', '011', 1);
INSERT INTO CONTA (CODIGO, CODIGO_AGENCIA, ID_BANCO, TIPO_CONTA) VALUES (8, '0001', '011', 1);
INSERT INTO CONTA (CODIGO, CODIGO_AGENCIA, ID_BANCO, TIPO_CONTA) VALUES (9, '0001', '011', 1);
INSERT INTO CONTA (CODIGO, CODIGO_AGENCIA, ID_BANCO, TIPO_CONTA) VALUES (10, '0001', '011', 1);

INSERT INTO CONTA (CODIGO, CODIGO_AGENCIA, ID_BANCO, TIPO_CONTA, SALDO) VALUES (11, '0002', '011', 1, 150.90);
INSERT INTO CONTA (CODIGO, CODIGO_AGENCIA, ID_BANCO, TIPO_CONTA) VALUES (12, '0002', '011', 1);
INSERT INTO CONTA (CODIGO, CODIGO_AGENCIA, ID_BANCO, TIPO_CONTA) VALUES (13, '0002', '011', 1);
INSERT INTO CONTA (CODIGO, CODIGO_AGENCIA, ID_BANCO, TIPO_CONTA) VALUES (14, '0002', '011', 1);
INSERT INTO CONTA (CODIGO, CODIGO_AGENCIA, ID_BANCO, TIPO_CONTA) VALUES (15, '0002', '011', 1);
INSERT INTO CONTA (CODIGO, CODIGO_AGENCIA, ID_BANCO, TIPO_CONTA) VALUES (16, '0002', '011', 2);
INSERT INTO CONTA (CODIGO, CODIGO_AGENCIA, ID_BANCO, TIPO_CONTA) VALUES (17, '0002', '011', 2);
INSERT INTO CONTA (CODIGO, CODIGO_AGENCIA, ID_BANCO, TIPO_CONTA) VALUES (18, '0002', '011', 2);
INSERT INTO CONTA (CODIGO, CODIGO_AGENCIA, ID_BANCO, TIPO_CONTA) VALUES (19, '0002', '011', 2);
INSERT INTO CONTA (CODIGO, CODIGO_AGENCIA, ID_BANCO, TIPO_CONTA) VALUES (20, '0002', '011', 2);

INSERT INTO CONTA (CODIGO, CODIGO_AGENCIA, ID_BANCO, TIPO_CONTA, SALDO) VALUES (21, '0101', '011', 1, 150.90);
INSERT INTO CONTA (CODIGO, CODIGO_AGENCIA, ID_BANCO, TIPO_CONTA) VALUES (22, '0101', '011', 1);
INSERT INTO CONTA (CODIGO, CODIGO_AGENCIA, ID_BANCO, TIPO_CONTA) VALUES (23, '0101', '011', 1);
INSERT INTO CONTA (CODIGO, CODIGO_AGENCIA, ID_BANCO, TIPO_CONTA) VALUES (24, '0101', '011', 1);
INSERT INTO CONTA (CODIGO, CODIGO_AGENCIA, ID_BANCO, TIPO_CONTA) VALUES (25, '0101', '011', 1);
INSERT INTO CONTA (CODIGO, CODIGO_AGENCIA, ID_BANCO, TIPO_CONTA) VALUES (26, '0101', '011', 2);
INSERT INTO CONTA (CODIGO, CODIGO_AGENCIA, ID_BANCO, TIPO_CONTA) VALUES (27, '0101', '011', 2);
INSERT INTO CONTA (CODIGO, CODIGO_AGENCIA, ID_BANCO, TIPO_CONTA) VALUES (28, '0101', '011', 2);
INSERT INTO CONTA (CODIGO, CODIGO_AGENCIA, ID_BANCO, TIPO_CONTA) VALUES (29, '0101', '011', 2);
INSERT INTO CONTA (CODIGO, CODIGO_AGENCIA, ID_BANCO, TIPO_CONTA) VALUES (30, '0101', '011', 2);

INSERT INTO CONTA (CODIGO, CODIGO_AGENCIA, ID_BANCO, TIPO_CONTA, SALDO) VALUES (31, '0001', '241', 1, 150.90);
INSERT INTO CONTA (CODIGO, CODIGO_AGENCIA, ID_BANCO, TIPO_CONTA) VALUES (32, '0001', '241', 1);
INSERT INTO CONTA (CODIGO, CODIGO_AGENCIA, ID_BANCO, TIPO_CONTA) VALUES (33, '0001', '241', 1);
INSERT INTO CONTA (CODIGO, CODIGO_AGENCIA, ID_BANCO, TIPO_CONTA) VALUES (34, '0001', '241', 1);
INSERT INTO CONTA (CODIGO, CODIGO_AGENCIA, ID_BANCO, TIPO_CONTA) VALUES (35, '0001', '241', 1);
INSERT INTO CONTA (CODIGO, CODIGO_AGENCIA, ID_BANCO, TIPO_CONTA) VALUES (36, '0001', '241', 2);
INSERT INTO CONTA (CODIGO, CODIGO_AGENCIA, ID_BANCO, TIPO_CONTA) VALUES (37, '0001', '241', 2);
INSERT INTO CONTA (CODIGO, CODIGO_AGENCIA, ID_BANCO, TIPO_CONTA) VALUES (38, '0001', '241', 2);
INSERT INTO CONTA (CODIGO, CODIGO_AGENCIA, ID_BANCO, TIPO_CONTA) VALUES (39, '0001', '241', 2);
INSERT INTO CONTA (CODIGO, CODIGO_AGENCIA, ID_BANCO, TIPO_CONTA) VALUES (40, '0001', '241', 2);

INSERT INTO CONTA (CODIGO, CODIGO_AGENCIA, ID_BANCO, TIPO_CONTA, SALDO) VALUES (41, '0001', '307', 1, 150.90);
INSERT INTO CONTA (CODIGO, CODIGO_AGENCIA, ID_BANCO, TIPO_CONTA) VALUES (42, '0001', '307', 1);
INSERT INTO CONTA (CODIGO, CODIGO_AGENCIA, ID_BANCO, TIPO_CONTA) VALUES (43, '0001', '307', 1);
INSERT INTO CONTA (CODIGO, CODIGO_AGENCIA, ID_BANCO, TIPO_CONTA) VALUES (44, '0001', '307', 1);
INSERT INTO CONTA (CODIGO, CODIGO_AGENCIA, ID_BANCO, TIPO_CONTA) VALUES (45, '0001', '307', 1);
INSERT INTO CONTA (CODIGO, CODIGO_AGENCIA, ID_BANCO, TIPO_CONTA) VALUES (46, '0001', '307', 2);
INSERT INTO CONTA (CODIGO, CODIGO_AGENCIA, ID_BANCO, TIPO_CONTA) VALUES (47, '0001', '307', 2);
INSERT INTO CONTA (CODIGO, CODIGO_AGENCIA, ID_BANCO, TIPO_CONTA) VALUES (48, '0001', '307', 2);
INSERT INTO CONTA (CODIGO, CODIGO_AGENCIA, ID_BANCO, TIPO_CONTA) VALUES (49, '0001', '307', 2);
INSERT INTO CONTA (CODIGO, CODIGO_AGENCIA, ID_BANCO, TIPO_CONTA) VALUES (50, '0001', '307', 2);

INSERT INTO CONTA (CODIGO, CODIGO_AGENCIA, ID_BANCO, TIPO_CONTA, SALDO) VALUES (51, '8761', '307', 1, 150.90);
INSERT INTO CONTA (CODIGO, CODIGO_AGENCIA, ID_BANCO, TIPO_CONTA) VALUES (52, '8761', '307', 1);
INSERT INTO CONTA (CODIGO, CODIGO_AGENCIA, ID_BANCO, TIPO_CONTA) VALUES (53, '8761', '307', 1);
INSERT INTO CONTA (CODIGO, CODIGO_AGENCIA, ID_BANCO, TIPO_CONTA) VALUES (54, '8761', '307', 1);
INSERT INTO CONTA (CODIGO, CODIGO_AGENCIA, ID_BANCO, TIPO_CONTA) VALUES (55, '8761', '307', 1);
INSERT INTO CONTA (CODIGO, CODIGO_AGENCIA, ID_BANCO, TIPO_CONTA) VALUES (56, '8761', '307', 2);
INSERT INTO CONTA (CODIGO, CODIGO_AGENCIA, ID_BANCO, TIPO_CONTA) VALUES (57, '8761', '307', 2);
INSERT INTO CONTA (CODIGO, CODIGO_AGENCIA, ID_BANCO, TIPO_CONTA) VALUES (58, '8761', '307', 2);
INSERT INTO CONTA (CODIGO, CODIGO_AGENCIA, ID_BANCO, TIPO_CONTA) VALUES (59, '8761', '307', 2);
INSERT INTO CONTA (CODIGO, CODIGO_AGENCIA, ID_BANCO, TIPO_CONTA) VALUES (60, '8761', '307', 2);

INSERT INTO CONTA (CODIGO, CODIGO_AGENCIA, ID_BANCO, TIPO_CONTA, SALDO) VALUES (61, '4567', '307', 1, 150.90);
INSERT INTO CONTA (CODIGO, CODIGO_AGENCIA, ID_BANCO, TIPO_CONTA) VALUES (62, '4567', '307', 1);
INSERT INTO CONTA (CODIGO, CODIGO_AGENCIA, ID_BANCO, TIPO_CONTA) VALUES (63, '4567', '307', 1);
INSERT INTO CONTA (CODIGO, CODIGO_AGENCIA, ID_BANCO, TIPO_CONTA) VALUES (64, '4567', '307', 1);
INSERT INTO CONTA (CODIGO, CODIGO_AGENCIA, ID_BANCO, TIPO_CONTA) VALUES (65, '4567', '307', 1);
INSERT INTO CONTA (CODIGO, CODIGO_AGENCIA, ID_BANCO, TIPO_CONTA) VALUES (66, '4567', '307', 2);
INSERT INTO CONTA (CODIGO, CODIGO_AGENCIA, ID_BANCO, TIPO_CONTA) VALUES (67, '4567', '307', 2);
INSERT INTO CONTA (CODIGO, CODIGO_AGENCIA, ID_BANCO, TIPO_CONTA) VALUES (68, '4567', '307', 2);
INSERT INTO CONTA (CODIGO, CODIGO_AGENCIA, ID_BANCO, TIPO_CONTA) VALUES (69, '4567', '307', 2);
INSERT INTO CONTA (CODIGO, CODIGO_AGENCIA, ID_BANCO, TIPO_CONTA) VALUES (70, '4567', '307', 2);

SELECT *
FROM CONTA;

SELECT *
FROM BANCO,ESTADO
ORDER BY ID_PAIS DESC;

/*
SELECT COUNT(*) AS quantidadeDeBancoPorPais 
FROM AGENCIA, ENDERECO, BAIRRO, CIDADE, ESTADO, PAIS 
WHERE AGENCIA.ID_ENDERECO = ENDERECO.ID_ENDERECO AND ENDERECO.ID_BAIRRO = BAIRRO.ID_BAIRRO AND BAIRRO.ID_CIDADE = BAIRRO.BAIRRO AND CIDADE.ID_ESTADO
GROUP BY ID_PAIS;
*/
select *
from AGENCIA;

SELECT *
FROM AGENCIA, CLIENTE, ENDERECO;

SELECT *
FROM CLIENTE;


--CONSOLIDACAO
INSERT INTO CONSOLIDACAO(ID_CONSOLIDACAO, FK_CODIGO, ID_BANCO, SALDO_ATUAL, SAQUES, DEPOSITOS, NUMERO_CORRENTISTA) 
VALUES (1, '0001', '011', 500.00, 250.00, 250.00, 1 );

INSERT INTO CONSOLIDACAO(ID_CONSOLIDACAO, FK_CODIGO, ID_BANCO, SALDO_ATUAL, SAQUES, DEPOSITOS, NUMERO_CORRENTISTA) 
VALUES (2, '0002', '011', 980.00, 250.00, 250.00, 1 );

INSERT INTO CONSOLIDACAO(ID_CONSOLIDACAO, FK_CODIGO, ID_BANCO, SALDO_ATUAL, SAQUES, DEPOSITOS, NUMERO_CORRENTISTA) 
VALUES (3, '0101', '011', 1000.00, 250.00, 250.00, 1 );

INSERT INTO CONSOLIDACAO(ID_CONSOLIDACAO, FK_CODIGO, ID_BANCO, SALDO_ATUAL, SAQUES, DEPOSITOS, NUMERO_CORRENTISTA) 
VALUES (4, '0001', '241', 59800.00, 250.00, 250.00, 1 );

INSERT INTO CONSOLIDACAO(ID_CONSOLIDACAO, FK_CODIGO, ID_BANCO, SALDO_ATUAL, SAQUES, DEPOSITOS, NUMERO_CORRENTISTA) 
VALUES (5, '0001', '307', 250.00, 250.00, 250.00, 1 );

INSERT INTO CONSOLIDACAO(ID_CONSOLIDACAO, FK_CODIGO, ID_BANCO, SALDO_ATUAL, SAQUES, DEPOSITOS, NUMERO_CORRENTISTA) 
VALUES (6, '8761', '307', 5682.00, 250.00, 250.00, 1 );

INSERT INTO CONSOLIDACAO(ID_CONSOLIDACAO, FK_CODIGO, ID_BANCO, SALDO_ATUAL, SAQUES, DEPOSITOS, NUMERO_CORRENTISTA) 
VALUES (7, '4567', '307', 3580.00, 250.00, 250.00, 1 );

INSERT INTO CONSOLIDACAO(ID_CONSOLIDACAO, FK_CODIGO, ID_BANCO, SALDO_ATUAL, SAQUES, DEPOSITOS, NUMERO_CORRENTISTA) 
VALUES (8, '0002', '011', 44802.00, 250.00, 250.00, 1 );

INSERT INTO CONSOLIDACAO(ID_CONSOLIDACAO, FK_CODIGO, ID_BANCO, SALDO_ATUAL, SAQUES, DEPOSITOS, NUMERO_CORRENTISTA) 
VALUES (9, '4567', '307', 1652811.50, 250.00, 250.00, 1 );

INSERT INTO CONSOLIDACAO(ID_CONSOLIDACAO, FK_CODIGO, ID_BANCO, SALDO_ATUAL, SAQUES, DEPOSITOS, NUMERO_CORRENTISTA) 
VALUES (10, '0001', '241', 25.00, 250.00, 250.00, 1 );

INSERT INTO CONSOLIDACAO(ID_CONSOLIDACAO, FK_CODIGO, ID_BANCO, SALDO_ATUAL, SAQUES, DEPOSITOS, NUMERO_CORRENTISTA) 
VALUES (11, '0001', '241', 25.00, 250.00, 250.00, 5 );

INSERT INTO CONSOLIDACAO(ID_CONSOLIDACAO, FK_CODIGO, ID_BANCO, SALDO_ATUAL, SAQUES, DEPOSITOS, NUMERO_CORRENTISTA) 
VALUES (12, '0001', '011', 25.00, 250.00, 250.00, 5 );

INSERT INTO CONSOLIDACAO(ID_CONSOLIDACAO, FK_CODIGO, ID_BANCO, SALDO_ATUAL, SAQUES, DEPOSITOS, NUMERO_CORRENTISTA) 
VALUES (13, '0002', '011', 25.00, 250.00, 250.00, 15 );

INSERT INTO CONSOLIDACAO(ID_CONSOLIDACAO, FK_CODIGO, ID_BANCO, SALDO_ATUAL, SAQUES, DEPOSITOS, NUMERO_CORRENTISTA) 
VALUES (14, '0101', '011', 25.00, 250.00, 250.00, 25 );

SELECT *
FROM CONSOLIDACAO;

SELECT * 
FROM CONSOLIDACAO
WHERE SALDO_ATUAL > 250;

SELECT * 
FROM CONSOLIDACAO
WHERE NUMERO_CORRENTISTA > 2 AND ID_BANCO = 241;




--CLIENTE_X_CONTA
INSERT INTO CLIENTE_X_CONTA (ID_CLIENTE, CODIGO, ID_BANCO, TIPO_CONTA) 
VALUES ('99999999901', 1, '011', 1 );



--CLIENTE_X_ENDERECO
INSERT INTO CLIENTE_X_ENDERECO (ID_CLIENTE, ID_ENDERECO) VALUES ( '999999999901', 1 );
INSERT INTO CLIENTE_X_ENDERECO (ID_CLIENTE, ID_ENDERECO) VALUES ( '999999999902', 2 );
INSERT INTO CLIENTE_X_ENDERECO (ID_CLIENTE, ID_ENDERECO) VALUES ( '999999999903', 3 );
INSERT INTO CLIENTE_X_ENDERECO (ID_CLIENTE, ID_ENDERECO) VALUES ( '999999999904', 4 );
INSERT INTO CLIENTE_X_ENDERECO (ID_CLIENTE, ID_ENDERECO) VALUES ( '999999999905', 5 );
INSERT INTO CLIENTE_X_ENDERECO (ID_CLIENTE, ID_ENDERECO) VALUES ( '999999999906', 6 );
INSERT INTO CLIENTE_X_ENDERECO (ID_CLIENTE, ID_ENDERECO) VALUES ( '999999999907', 7 );
INSERT INTO CLIENTE_X_ENDERECO (ID_CLIENTE, ID_ENDERECO) VALUES ( '999999999908', 2 );
INSERT INTO CLIENTE_X_ENDERECO (ID_CLIENTE, ID_ENDERECO) VALUES ( '999999999909', 5 );
INSERT INTO CLIENTE_X_ENDERECO (ID_CLIENTE, ID_ENDERECO) VALUES ( '999999999910', 3 );
INSERT INTO CLIENTE_X_ENDERECO (ID_CLIENTE, ID_ENDERECO) VALUES ( '999999999910', 2 );
INSERT INTO CLIENTE_X_ENDERECO (ID_CLIENTE, ID_ENDERECO) VALUES ( '999999999909', 1 );

SELECT *
FROM CLIENTE_X_ENDERECO;

SELECT ID_ENDERECO
FROM CLIENTE_X_ENDERECO;


--INSERT GERENTE
INSERT INTO GERENTE (CPF, FK_CODIGO, ID_BANCO, CODIGO_FUNCIONARIO, TIPO_GERENTE) VALUES ('999999999901', '0001', '011', 1, 'GC');
INSERT INTO GERENTE (CPF, FK_CODIGO, ID_BANCO, CODIGO_FUNCIONARIO, TIPO_GERENTE) VALUES ('999999999902', '0002', '011', 2, 'GC');
INSERT INTO GERENTE (CPF, FK_CODIGO, ID_BANCO, CODIGO_FUNCIONARIO, TIPO_GERENTE) VALUES ('999999999903', '0101', '011', 3, 'GC');
INSERT INTO GERENTE (CPF, FK_CODIGO, ID_BANCO, CODIGO_FUNCIONARIO, TIPO_GERENTE) VALUES ('999999999904', '0001', '241', 4, 'GC');
INSERT INTO GERENTE (CPF, FK_CODIGO, ID_BANCO, CODIGO_FUNCIONARIO, TIPO_GERENTE) VALUES ('999999999905', '0001', '307', 5, 'GC');
INSERT INTO GERENTE (CPF, FK_CODIGO, ID_BANCO, CODIGO_FUNCIONARIO, TIPO_GERENTE) VALUES ('999999999906', '8761', '307', 6, 'GG');
INSERT INTO GERENTE (CPF, FK_CODIGO, ID_BANCO, CODIGO_FUNCIONARIO, TIPO_GERENTE) VALUES ('999999999907', '4567', '307', 7, 'GG');
INSERT INTO GERENTE (CPF, FK_CODIGO, ID_BANCO, CODIGO_FUNCIONARIO, TIPO_GERENTE) VALUES ('999999999908', '0001', '011', 8, 'GG');
INSERT INTO GERENTE (CPF, FK_CODIGO, ID_BANCO, CODIGO_FUNCIONARIO, TIPO_GERENTE) VALUES ('999999999909', '0002', '011', 9, 'GG');
INSERT INTO GERENTE (CPF, FK_CODIGO, ID_BANCO, CODIGO_FUNCIONARIO, TIPO_GERENTE) VALUES ('999999999910', '0101', '011', 10, 'GG');

SELECT *
FROM GERENTE;

------------------------------------ AULA ------------------------------------

SELECT ID_PAIS, NOME FROM PAIS;
SELECT COUNT(1) FROM PAIS;

--JUNCAO ENTRE TABELAS
SELECT PAIS.ID_PAIS AS ID, 
        PAIS.NOME AS PAIS
FROM PAIS INNER JOIN ESTADO ON PAIS.ID_PAIS = ESTADO.ID_PAIS;


SELECT PAIS.ID_PAIS AS ID, 
        PAIS.NOME AS PAIS
FROM PAIS RIGHT JOIN ESTADO ON PAIS.ID_PAIS = ESTADO.ID_PAIS;

SELECT PAIS.ID_PAIS AS ID, 
        PAIS.NOME AS PAIS
FROM PAIS LEFT OUTER JOIN ESTADO ON PAIS.ID_PAIS = ESTADO.ID_PAIS;


--RETORNA AS AGENCIAS NO BRASIL
SELECT BANCO.CODIGO,
        BANCO.NOME AS BANCO
FROM BANCO INNER JOIN AGENCIA ON BANCO.CODIGO = AGENCIA.ID_BANCO
INNER JOIN ENDERECO ENDER
    ON ENDER.ID_ENDERECO = AGENCIA.ID_ENDERECO
INNER JOIN CIDADE CID
    ON CID.ID_CIDADE = ENDER.ID_CIDADE
INNER JOIN ESTADO
    ON CID.ID_ESTADO = ESTADO.ID_ESTADO
INNER JOIN PAIS
    ON PAIS.ID_PAIS = ESTADO.ID_PAIS 
WHERE PAIS.NOME = 'BRASIL';

--RETORNA QUALQUER PAIS QUE TERMINA EM SIL
SELECT BANCO.CODIGO,
        BANCO.NOME AS BANCO
FROM BANCO INNER JOIN AGENCIA ON BANCO.CODIGO = AGENCIA.ID_BANCO
INNER JOIN ENDERECO ENDER
    ON ENDER.ID_ENDERECO = AGENCIA.ID_ENDERECO
INNER JOIN CIDADE CID
    ON CID.ID_CIDADE = ENDER.ID_CIDADE
INNER JOIN ESTADO
    ON CID.ID_ESTADO = ESTADO.ID_ESTADO
INNER JOIN PAIS
    ON PAIS.ID_PAIS = ESTADO.ID_PAIS 
WHERE PAIS.NOME LIKE '%SIL';

--RETORNA QUALQUER PAIS QUE COMECA EM BRA
SELECT BANCO.CODIGO,
        BANCO.NOME AS BANCO
FROM BANCO INNER JOIN AGENCIA ON BANCO.CODIGO = AGENCIA.ID_BANCO
INNER JOIN ENDERECO ENDER
    ON ENDER.ID_ENDERECO = AGENCIA.ID_ENDERECO
INNER JOIN CIDADE CID
    ON CID.ID_CIDADE = ENDER.ID_CIDADE
INNER JOIN ESTADO
    ON CID.ID_ESTADO = ESTADO.ID_ESTADO
INNER JOIN PAIS
    ON PAIS.ID_PAIS = ESTADO.ID_PAIS 
WHERE PAIS.NOME LIKE 'BRA%';












